English Name,Entry Category,CN Translation (中文翻译),Translation Adoption Date,Translated by,Comments / Brief explanation,Affiliated Superpower,Affiliated Organization(s),Tags
Nikolas Glass,Human Name,尼古拉斯·格拉斯,3308/4/13,ImperiusKang,,,,
Conrad Sterling,Human Name,康拉德·斯特林,3308/4/26,,Vox Galactica 政治记者,,Vox Galactica,Reporter
Jonathon Forester,Human Name,乔纳森·福雷斯特,3308/5/26,,"Ex-Captian of the Golconda Generation Ship
戈尔康达号世代飞船前船长",,None,
Edmund Mahon,Human Name,艾德蒙德·马鸿,3308/7/1,ImperiusKang,,Alliance,,
Felicia Winters,Human Name,菲利西亚·温特斯,3308/7/1,ImperiusKang,"Gender: F
影子总统
注：由“菲利斯亚·温特斯”修订为“菲利西亚·温特斯”",Federation,,
Pranav Antal,Human Name,普瑞内弗·安东,3308/7/1,ImperiusKang,Pranav Antal大师为乌托邦（Utopia）运动的领袖,Utopia,,
Morag Halloran,Human Name,莫拉格·哈洛伦,3308/7/7,ImperiusKang,,,,
Ethan Takahashi,Human Name,伊桑·高桥,3308/7/11,ImperiusKang,,,,
Yuri Grom,Human Name,尤里·格罗姆,3308/7/15,ImperiusKang,,,Yuri Grom,
Jasmina Halsey,Human Name,杰斯米娜·哈尔西,3308/7/15,ImperiusKang,,,,
Alba Tesreau,Human Name,阿尔巴·泰斯瑞尔,3308/7/27,ImperiusKang,"Gender:F
宙斯盾前研究主管",,AEGIS,
Torben Rademaker,Human Name,托本·拉德马克,3308/7/25,ImperiusKang,Azimuth战略运营主管 (注：救赎死后升任CEO),,Azimuth,
Caleb Wycherley,Human Name,凯莱布·威切利,3308/7.27,,,,,
Maxim Lagunov,Human Name,马克西姆·拉古诺夫,3308/8/4,ImperiusKang,“光辉前景”号巨型飞船的指挥官,,,
Ernesto Rios,Human Name,埃内斯托·里奥斯,,,卡拉狄加之声的战地记者,,,Reporter
Heimar Borichev,Human Name,海马·鲍里彻夫,,,君主报副主编,,,Press
Tayo Maikori,Human Name,塔约·麦克利,3308/8/12,ImperiusKang,联邦舰队上将,Federation,,
Denton Patreus,Human Name,丹顿·帕特瑞斯,3308/8/12,ImperiusKang,某位参议员,,,
Nakato Kaine,Human Name,纳卡托·凯恩,3308/7/1,ImperiusKang,联盟议会委员,Alliance,,
Simguru Pranav Antal,Human Name,西格鲁·派瑞娜·安东,3308.7.1,ImperiusKang,,,,
Faisal Sacranie,Human Name,费萨尔·赛克拉尼,3308/7/14,ImperiusKang,,,,
Jade Sanderlyn,Human Name,杰德·森德琳,3308/7/13,ImperiusKang,Vox Galactica 记者-我是《卡拉狄加之声》的杰德·桑德林。出门在外，记得注意安全。,,,Reporter
Joy Senne,Human Name,乔·森尼,3308/7/13,ImperiusKang,Gender:F,,,
Ram Tah,Human Name,拉姆·达,3308/8/5,ImperiusKang,,,,
Marcus Mercer,Human Name,马库斯·默瑟,3308/8/15,ImperiusKang,,,,
Jameelah Griffin,Human Name,杰姆艾勒·格里芬,3308/8/16,ImperiusKang,,,,
Ishmael Palin,Human Name,以赛马利·佩林,3308/8/17,ImperiusKang,"Gender:M
校验时由“伊什梅尔·佩琳”改为“以赛马利·佩林”，因为他是男性角色",,,
Dalton Chase,Human Name,道尔顿·奇斯,3308/8/23,,,,,
Kit Fowler,Human Name,基特·福勒,,,工程师,,,
Delfina Dominguez,Human Name,黛尔菲娜·多明格斯,,,,,,
Flint ‘Firemaker’ Lafosse,Human Name,弗林特·“纵火者”·拉弗斯,3308/8/23,ImperiusKang,独立记者,,Independent,Reporter
Maxton Price,Human Name,马可斯敦·普莱斯,3308/6/2,JHLSunny,联邦上将,Federation,,
Aden Tanner,Human Name,艾登·坦纳,3308/8/26,ImperiusKang,前联邦海军上将,Federation,,
Fiona Logan,Human Name,菲奥娜·罗根,3308/8/26,ImperiusKang,高级律师,Federation,,
Cynthia Sideris,Human Name,辛西娅·赛德瑞斯,3308/9/2,ImperiusKang,Universal Cartographics的主席,,Universal Cartographics,
Shamus Madigan,Human Name,沙姆斯·马蒂干,3308/9/5,ImperiusKang,Olympus Village University教授,,Olympus Village University,
Ivano Colombera,Human Name,伊瓦诺·科伦贝拉,3308/9/5,ImperiusKang,帝国科学院异种学研究主任,Empire,,
Eva Llewellyn,Human Name,伊娃·卢维林,3308/9/5,ImperiusKang,,,,
Jeong-Hui Shin,Human Name,申正熙,3308/9/5,JHLSunny,,,,
Bethany Blake,Human Name,贝瑟尼·布莱克,3308/9/12,ImperiusKang,联邦主动侦查局副局长,Federation,,
Alfred Ulyanov,Human Name,阿尔弗雷德·乌里扬诺夫,3308/9/12,ImperiusKang,,,,
Timothy Culver,Human Name,蒂莫西·卡尔弗,3308/9/14,ImperiusKang,,,,
Alexei Keel,Human Name,阿列克谢·克尔,3308/9/20,ImperiusKang,自由记者,,,
Lana Berkovich,Human Name,拉娜·伯科维奇,3308/9/20,ImperiusKang,"Secretary of State, 国务卿",,,
Elizabeth Perez,Human Name,伊丽莎白·佩雷兹,3308/9/23,ImperiusKang,Orion University教授,,,
Hildegard Dressler,Human Name,希尔德加德·德雷斯勒,3308/9/23,ImperiusKang,,,,
Angela Corcoran,Human Name,安吉拉·卡克瑞恩,3308/9/28,ImperiusKang,联盟副总理,Alliance,,
Nadia Machado,Human Name,纳迪亚·马查多,3308/9/29,ImperiusKang,,,,
Carter Armstrong,Human Name,卡特·阿姆斯特朗,3308/10/3,ImperiusKang,,,,
Mia Valencourt,Human Name,米娅·瓦伦科特,3308/10/3,ImperiusKang,,,,
Yazhu Xing,Human Name,邢雅珠,3308/10/3,ImperiusKang,,,,
Isolde Rochester,Human Name,伊索德·罗切斯特,3308/10/3,ImperiusKang,,,,
Allan Mantle,Human Name,艾伦·曼特尔,3308/10/4,ImperiusKang,,,,
Seo Jin-ae,Human Name,徐真爱,3308/10/7,ImperiusKang,六翼天使计划的幸存者D-2,,,
Sofia Trevino,Human Name,索菲亚·特雷维诺,3308/10/14,ImperiusKang,政治记者,,,Reporter
Theodore Pachis,Human Name,西奥多·帕奇斯,3308/10/15,ImperiusKang,议员,,,
Cassia Carvalho,Human Name,卡西亚·卡瓦霍,3308/10/21,ImperiusKang,Imperial Herald的政治记者,,,Reporter
Zemina Torval,Human Name,泽米娜·托瓦尔,3308/10/21,ImperiusKang,,,,
Falkenrath,Human Name,法克瑞斯,3308/10/25,ImperiusKang,,,,
Polly French,Human Name,波利·弗兰奇,3308/10/27,ImperiusKang,,,,
Harrison Gladstone,Human Name,哈里森·格莱斯顿,3308/10/27,ImperiusKang,特纳研究集团的成员（发言人？）,,,
Rachel Ziegler,Human Name,雷切尔·齐格勒,3308/10/28,ImperiusKang,,,,
Juno Rochester,Human Name,朱诺·罗切斯特,3308/10/28,ImperiusKang,,,,
Caspian Leopold,Human Name,凯斯比恩·利奥波德,3308/10/31,ImperiusKang,,,,
Anders Blaine,Human Name,安德斯·布莱恩,3308/10/31,ImperiusKang,帝国议院议长（Chancellor）,Empire,,
Liam Flanagan,Human Name,利亚姆·弗拉纳根,3308/11/1,ImperiusKang,,,,
George Varma,Human Name,乔治·瓦尔马,3308/11/1,ImperiusKang,,,,
Maristela Silva,Human Name,马里斯特拉·希尔瓦,3308/11/1,ImperiusKang,,,,
Tahir West,Human Name,塔希尔·韦斯特,3308/11/1,ImperiusKang,,,,
Hayley Sorokin,Human Name,海莉·索罗金,3308/11/1,ImperiusKang,,,,
Jaya Chaudhary,Human Name,贾亚·乔达里,3308/11/1,ImperiusKang,,,,
Yaro Kenyatta,Human Name,雅罗·肯雅塔,3308/11/4,ImperiusKang,,,,
Lori Jameson,Human Name,罗利·詹姆森,3308/11/11,ImperiusKang,,,,
Bernadette Wells,Human Name,伯纳黛特·威尔斯,3308/11/14,ImperiusKang,,,,
Casey Kilpatrick,Human Name,凯西·凯尔帕特瑞克,3308/11/15,ImperiusKang,,,,
Lewis Laychurch,Human Name,路易斯·雷丘奇,3308/11/15,ImperiusKang,,,,
Elias Pope,Human Name,伊莱亚斯·波普,3308/11/21,ImperiusKang,,,,
Luria,Human Name,卢里亚,,ImperiusKang,,,,
Rani Zaman,Human Name,拉尼·扎曼,3308/11/24,ImperiusKang,,,,
Remy Leroux,Human Name,雷米·勒鲁,3308/11/28,ImperiusKang,,,,
Klaus-Peter Sonnek,Human Name,克劳斯-彼得·索尼克,3308/11/29,ImperiusKang,,,,
Justine Kemp,Human Name,贾斯汀·坎普,3308/12/5,ImperiusKang,,,,
Liz Ryder,Human Name,莉兹·雷德,3308/12/6,ImperiusKang,,,,
Zachariah Nemo,Human Name,扎卡利亚·尼莫,3308/12/6,ImperiusKang,,,,
Bris Dekker,Human Name,布里斯·德克,3308/12/19,ImperiusKang,,,,
Nassim Qadir,Human Name,纳西姆·卡迪尔,3309/1/5,JHLSunny,Azimuth生物研究部门主管,,Azimuth,
Gudrun Vestergaard,Human Name,古德伦·韦斯特加德,3309/1/16,JHLSunny,Imperial Herald的皇室记者,,,Reporter
Skylar Anderson,Human Name,斯凯拉·安德森,3309/1/31,JHLSunny,帝国海军中将,Empire,,
Archon Delaine,Human Name,阿肯·德莱恩,3308/4/26,,库莫帮的军阀（27 Jan 3309）,,Kumo,
Emil Varga,Human Name,埃米尔·瓦尔加,3309/2/6,ImperiusKang,联盟准将,Alliance,,
Maximo Fonseca,Human Name,马克西莫·冯塞卡,3309/2/6,ImperiusKang,Gateway Laboratories的博士；联盟派驻宙斯盾的科学联络官,Alliance,AEGIS,
Tom Gillespie,Human Name,汤姆·吉莱斯皮,3309/2/10,ImperiusKang,联邦国会议员,Federation,,
Daniel Parry,Human Name,丹尼尔·帕里,3309/2/10,ImperiusKang,联邦海军少将,Federation,,
Petra Olmanova,Human Name,佩特拉·奥尔玛诺娃,3309/2/13,ImperiusKang,工程师,,,
Chloe Sedesi,Human Name,克洛伊·塞德西,3309/2/16,ImperiusKang,工程师,,,
Warren Lamar,Human Name,沃伦·拉马尔,3309/2/16,ImperiusKang,联盟远征条约的安全主管,Alliance,,
Bryanna Blanco,Human Name,布里安娜·布兰科,3309/2/27,ImperiusKang,记者,,,
Jerome Archer,Human Name,杰罗姆·阿彻,3309/2/27,ImperiusKang,联邦副总统,,,
Harlow Nassry,Human Name,哈洛·纳斯里,3309/4/10,JHLSunny,《联邦时报》的科技记者,,,
Johann Fleischer,Human Name,约翰·弗莱舍,3309/3/31,JHLSunny,Caine-Massey的CEO，于该新闻内被刺杀,,,
Philippa Barlow-Lyons,Human Name,菲利帕·巴洛-莱昂斯,3309/3/31,JHLSunny,Caine-Massey的首席运营官（COO）,,,
Viola Trask,Human Name,维奥拉·特拉斯克,3309/3/31,JHLSunny,联邦调查局执行特工,,,
XXX Cooper,Human Name,库珀,3309/4/17,JHLSunny,马克西莫·冯塞卡的同事（宙斯盾科学研究团队）,,AEGIS,
Maximilian North,Human Name,马克西米利安·诺斯,3309/3/2,ImperiusKang,,,,
Arturo Durant,Human Name,阿图罗·杜兰特,3309/3/6,ImperiusKang,帝国参议员,Empire,,
Jed Trager,Human Name,杰德·特雷格,3309/3/7,ImperiusKang,联盟议员,Alliance,,
Tom Gillespie,Human Name,汤姆·吉莱斯皮,3309/3/16,ImperiusKang,国会议员,,,
Emil Varga,Human Name,埃米尔·瓦尔加,3309/3/16,ImperiusKang,海军准将,,,
Edwin Espinosa,Human Name,埃德温·埃斯皮诺萨,3309/3/21,ImperiusKang,联邦大检察官,Federation,,
Thandeka Qwabe,Human Name,桑德卡·科瓦贝,3309/3/21,ImperiusKang,联邦国会议员,Federation,,
Titus Torval,Human Name,提图斯·托瓦尔,3309/4/4,ImperiusKang,Zemina’s own grandson,Empire,,
Niko Shirakawa,Human Name,尼克·白川,3309/4/5,ImperiusKang,国会议员,,,
Karleen Troy,Human Name,卡里恩·特洛伊,3309/4/20,ImperiusKang,自由记者,,,
Alliance,Vocab,联盟,,,,Alliance,,
Alliance Defense Force,Vocab,联盟防御部队,,,,Alliance,,Organization
Chief Administrator,Vocab,首席行政官,3308/3/24,JHLSunny,,Alliance,,
Reorte Mining Coalition,Vocab,Reorte 采矿联盟,3308/3/24,JHLSunny,,Alliance,,Organization
Reorte Pro-Alliance League,Vocab,Reorte亲联盟同盟,3308/3/24,JHLSunny,,Alliance,,Organization
Strategic Defense Pact,Vocab,战略防御协议/协定,3308/3/9,,,Alliance,,
Alliance Council of Admirals,Vocab,联盟海军将领委员会,3308/4/13,,,Alliance,,Organization
Alliance Office of Diplomatic Relations,Vocab,联盟外交关系办公室,3309/4/18,JHLSunny,,Alliance,,Organization
Turner Research Group,Vocab,特纳研究集团,3309/2/2,JHLSunny,联盟在California Nebula的代表派系,Alliance,,Organization
Alliance Assembly,Vocab,联盟议会,,,Counciller译为委员,Alliance,,Organization
Alliance Interpol,Vocab,联盟星际刑警组织,3309/3/7,ImperiusKang,,Alliance,,Organization
Empire,Vocab,帝国,,,,Empire,,
Summerland System,System Name,夏地星系,3308/2/24,ImperiusKang,,Empire,,Star System
Lords of Restoration,Vocab,复元贵族,3308/2/24,ImperiusKang,,Empire,,Organization
Darkwater Inc,Vocab,黑水公司,3308/2/24,ImperiusKang,Note: The CG of 3308/2/24 has destroyed this organization. We will not see it again.,Empire,,Organization
Omega Grid,Vocab,欧米伽网格,3308/2/24,ImperiusKang,,Empire,,Organization
The Praotorian Vigil,Vocab,警卫军守夜,3308/2/24,ImperiusKang,,Empire,,Organization
Empress,Vocab,皇帝,3308/3/11,Pradur241,,Empire,,Human;Member of Duval Family
Arissa Lavigny-Duval,Human Name,阿里萨·拉维尼-杜瓦尔,3308/2/24,Pradur241,,Empire,,Human;Member of Duval Family
Aisling Duval,Human Name,爱丝琳·杜瓦尔,3308/3/11,Pradur241,,Empire,,Human;Member of Duval Family
Duval,Human Name,杜瓦尔,3308/3/11,Pradur241,,Empire,,Human;Member of Duval Family
Emperor Hesketh,Human Name,赫斯基皇帝,3308/3/11,Pradur241,,Empire,,Human;Member of Duval Family
Hadrian Duval,Human Name,哈德里昂·杜瓦尔,3308/3/11,Pradur241,,Empire,,Human;Member of Duval Family
Hector Duval,Human Name,赫克托·杜瓦尔,3308/3/11,Pradur241,,Empire,,Human;Member of Duval Family
Prince Herold,Human Name,哈罗德王子,3308/3/11,Pradur241,,Empire,,Human;Member of Duval Family
(Admiral) Lucius Lavigny,Human Name,海军上将卢修斯·拉维尼,3308/3/11,Pradur241,,Empire,,Human;Member of Duval Family
(Countess) Guinevere Lavigny,Human Name,伯爵夫人桂尼维尔·拉维尼,3308/3/11,Pradur241,,Empire,,Human;Member of Duval Family
Lucretia Roche-Duval,Human Name,卢克丽西亚·罗奇-杜瓦尔,3308/3/11,Pradur241,,Empire,,Human;Member of Duval Family
(Archduke) Otto Lombardo-Duval,Human Name,奥托·伦巴多-杜瓦尔,3308/3/11,Pradur241,,Empire,,Human;Member of Duval Family
Marlinism,Vocab,马琳主义,,,,,,Marlinism
Neo-Marlinism,Vocab,新马琳主义,,,,,,Marlinism
Marlinist Colonies,Vocab,马琳殖民地,,,,,,Marlinism
Marlist Constabulary,Vocab,马琳警察（署）,3307/11/17,JHLSunny,,,,Marlinism
First Minister Octavia Volkov,Vocab,首席部长奥克塔维亚·沃尔科夫,3308/4/4,,,,,Marlinism
The Free Marlinists of Carinae faction,Vocab,克莱尼派的自由马琳主义者,,,,,,Marlinism
Federation,Vocab,联邦,,,,,,
Hudson Contravention,Event Name,Hundson修宪事件,3308/2/22,Pradur241,,Federation,,Event
Federal Navy Auxiliaries,Vocab,联邦海军辅军,3308/3/25,Pradur241,,Federation,,Organization
Federal Security Services,Vocab,联邦安全部门,,Pradur241,,Federation,,
Commodities,Vocab,货物,,,,,,Commodity
Auto-fabricators,Commodities_Vocab,自动编织机,,,,,,Commodity
Classified Experimental Equipment,Commodities_Vocab,保密实验设备,3307/12/14,JHLSunny,,,,Commodity
Micro Controllers,Commodities_Vocab,微处理器,3308/3/3,AloneKnight,,,,Commodity
Resonating Separators,Commodities_Vocab,共振分离器,3308/3/3,AloneKnight,,,,Commodity
skimmer components,Commodities_Vocab,飞行器部件,3308/3/31,ImperiusKang,,,,Commodity
building fabricators,Commodities_Vocab,建造用装配机,3308/3/31,ImperiusKang,,,,Commodity
Carrier,Vocab,航母,,,,,,Carrier
Megaship,Vocab,巨型飞船,,,,,,Megaship
Onyx Storm,MegaShip_Name,玛瑙斯风暴号,3308/2/24,ImperiusKang,,,,Megaship
Heart of Taurus,MegaShip_Name,金牛座之心,3308/3/31,ImperiusKang,,,,Megaship
Kandula’s Truth,MegaShip_Name,坎杜拉的真言,3308/4/13,ImperiusKang,,,,Megaship
Song of Mecchi,MegaShip_Name,梅吉之歌,3308/4/13,ImperiusKang,,,,Megaship
Li Chyou Winds,MegaShip_Name,李奇欧风暴,3308/4/13,ImperiusKang,,,,Megaship
Starport,MegaShip_Name,星港,,,,,,Starport
Henry O'Hare's Hanger,Starport_Name,亨利·奥黑尔的机库,3308/2/24,ImperiusKang,,,,Starport
Davies High,Starport_Name,戴维斯高,,,,,,Starport
Outfitting,Vocab,舾装,3308/3/3,AloneKnight,,,,Starport Service
Ship Yard,Vocab,造船厂,3308/3/3,AloneKnight,,,,Starport Service
Tech Broker,Vocab,技术经纪人,3308/3/3,AloneKnight,,,,Starport Service
Promium Relay,Vocab,N/A,,,,,,Starport Service
Pioneer Supplies,Vocab,N/A,,,,,,Starport Service
Colonel,Vocab,上校,,,,,,Military Ranks
Captain,Vocab,上尉,,,"因Milo Castile在ACT期间军职为Captain，后于3308-4-12的新闻中使用Major军衔，因此断定为海军陆战队。
海军陆战队参考链接：https://www.wikiwand.com/zh-sg/美国海军陆战队",,,Military Ranks
Major,Vocab,少校,,,,,,Military Ranks
AEGIS,Organization,宙斯盾;（有时不翻译）,,,,,,Organization;Thargoid;Anti-Thargoid
Colonia Bridge,Vocab,Colonia大桥,,,,,,Starport
Decals,Vocab,贴花,,,,,,Ship
Faction,Vocab,派系,,,,,,
Far God,Vocab,远神教,,,,,,Organization;Thargoid;Pro-Thargoid
Heat sink,Vocab,散热片,,,,,,Ship Module
*Pilots' Federation ALERT*,Vocab,*飞行员联盟警告*,,,,,,
Paintjob,Vocab,涂装,,,,,,Ship
Salvation,Vocab,救赎,,,,,Salvation,Human;Thargoid;Anti-Thargoid
Sirius Corporation,Vocab,天狼星集团,3308/3/18,JHLSunny,,Li YongRui,,Organization
services,Vocab,服务部门;行政机构;警察服务,,JHLSunny,"注1：看上下文使用
注2：该词条针对类似“Federal Security Services”及“Gliese 868 Services”的翻译规范，Services在此为政府部门（提供某一服务的部门）",,,
Taurus Mining Ventures,Vocab,金牛座矿业投资公司,,,,,,Organization
Tourist Beacon,Vocab,旅行信标,,,,,,Independent Non-Dockable Structure
Federal Free Press,Vocab,《联邦自由报》,3308/2/22,,,Federation,,Press
Sol Today,Vocab,《今日太阳系》,3308/2/22,,,Federation,,Press
The Federal Times,Vocab,《联邦时代》,3308/2/22,,,Federation,,Press
The Empirical,Vocab,《实证》,3308/3/23,,,,,Press
The Alliance Tribune,Vocab,《联盟论坛报》,3308/3/18,JHLSunny,,Alliance,,Press
,,,,,,,,
